file,contributor,batch
b01_0000.png,contrib-A,batch-01
b01_0001.png,contrib-A,batch-01
b01_0002.png,contrib-A,batch-01
b01_0003.png,contrib-A,batch-01
b01_0004.png,contrib-A,batch-01
b01_0005.png,contrib-A,batch-01
b01_0006.png,contrib-A,batch-01
b01_0007.png,contrib-A,batch-01
b01_0008.png,contrib-A,batch-01
b01_0009.png,contrib-A,batch-01
b01_0010.png,contrib-A,batch-01
b01_0011.png,contrib-A,batch-01
b01_0012.png,contrib-A,batch-01
b01_0013.png,contrib-A,batch-01
b01_0014.png,contrib-A,batch-01
b01_0015.png,contrib-A,batch-01
b01_0016.png,contrib-A,batch-01
b01_0017.png,contrib-A,batch-01
b01_0018.png,contrib-A,batch-01
b01_0019.png,contrib-A,batch-01
b01_0020.png,contrib-A,batch-01
b01_0021.png,contrib-A,batch-01
b01_0022.png,contrib-A,batch-01
b01_0023.png,contrib-A,batch-01
b01_0024.png,contrib-A,batch-01
b01_0025.png,contrib-A,batch-01
b01_0026.png,contrib-A,batch-01
b01_0027.png,contrib-A,batch-01
b01_0028.png,contrib-A,batch-01
b01_0029.png,contrib-A,batch-01
b01_0030.png,contrib-A,batch-01
b01_0031.png,contrib-A,batch-01
b01_0032.png,contrib-A,batch-01
b01_0033.png,contrib-A,batch-01
b01_0034.png,contrib-A,batch-01
b01_0035.png,contrib-A,batch-01
b01_0036.png,contrib-A,batch-01
b01_0037.png,contrib-A,batch-01
b01_0038.png,contrib-A,batch-01
b01_0039.png,contrib-A,batch-01
b01_0040.png,contrib-A,batch-01
b01_0041.png,contrib-A,batch-01
b01_0042.png,contrib-A,batch-01
b01_0043.png,contrib-A,batch-01
b01_0044.png,contrib-A,batch-01
b01_0045.png,contrib-A,batch-01
b01_0046.png,contrib-A,batch-01
b01_0047.png,contrib-A,batch-01
b01_0048.png,contrib-A,batch-01
b01_0049.png,contrib-A,batch-01
b02_0000.png,contrib-A,batch-02
b02_0001.png,contrib-A,batch-02
b02_0002.png,contrib-A,batch-02
b02_0003.png,contrib-A,batch-02
b02_0004.png,contrib-A,batch-02
b02_0005.png,contrib-A,batch-02
b02_0006.png,contrib-A,batch-02
b02_0007.png,contrib-A,batch-02
b02_0008.png,contrib-A,batch-02
b02_0009.png,contrib-A,batch-02
b02_0010.png,contrib-A,batch-02
b02_0011.png,contrib-A,batch-02
b02_0012.png,contrib-A,batch-02
b02_0013.png,contrib-A,batch-02
b02_0014.png,contrib-A,batch-02
b02_0015.png,contrib-A,batch-02
b02_0016.png,contrib-A,batch-02
b02_0017.png,contrib-A,batch-02
b02_0018.png,contrib-A,batch-02
b02_0019.png,contrib-A,batch-02
b02_0020.png,contrib-A,batch-02
b02_0021.png,contrib-A,batch-02
b02_0022.png,contrib-A,batch-02
b02_0023.png,contrib-A,batch-02
b02_0024.png,contrib-A,batch-02
b02_0025.png,contrib-A,batch-02
b02_0026.png,contrib-A,batch-02
b02_0027.png,contrib-A,batch-02
b02_0028.png,contrib-A,batch-02
b02_0029.png,contrib-A,batch-02
b02_0030.png,contrib-A,batch-02
b02_0031.png,contrib-A,batch-02
b02_0032.png,contrib-A,batch-02
b02_0033.png,contrib-A,batch-02
b02_0034.png,contrib-A,batch-02
b02_0035.png,contrib-A,batch-02
b02_0036.png,contrib-A,batch-02
b02_0037.png,contrib-A,batch-02
b02_0038.png,contrib-A,batch-02
b02_0039.png,contrib-A,batch-02
b02_0040.png,contrib-A,batch-02
b02_0041.png,contrib-A,batch-02
b02_0042.png,contrib-A,batch-02
b02_0043.png,contrib-A,batch-02
b02_0044.png,contrib-A,batch-02
b02_0045.png,contrib-A,batch-02
b02_0046.png,contrib-A,batch-02
b02_0047.png,contrib-A,batch-02
b02_0048.png,contrib-A,batch-02
b02_0049.png,contrib-A,batch-02
b03_0000.png,contrib-A,batch-03
b03_0001.png,contrib-A,batch-03
b03_0002.png,contrib-A,batch-03
b03_0003.png,contrib-A,batch-03
b03_0004.png,contrib-A,batch-03
b03_0005.png,contrib-A,batch-03
b03_0006.png,contrib-A,batch-03
b03_0007.png,contrib-A,batch-03
b03_0008.png,contrib-A,batch-03
b03_0009.png,contrib-A,batch-03
b03_0010.png,contrib-A,batch-03
b03_0011.png,contrib-A,batch-03
b03_0012.png,contrib-A,batch-03
b03_0013.png,contrib-A,batch-03
b03_0014.png,contrib-A,batch-03
b03_0015.png,contrib-A,batch-03
b03_0016.png,contrib-A,batch-03
b03_0017.png,contrib-A,batch-03
b03_0018.png,contrib-A,batch-03
b03_0019.png,contrib-A,batch-03
b03_0020.png,contrib-A,batch-03
b03_0021.png,contrib-A,batch-03
b03_0022.png,contrib-A,batch-03
b03_0023.png,contrib-A,batch-03
b03_0024.png,contrib-A,batch-03
b03_0025.png,contrib-A,batch-03
b03_0026.png,contrib-A,batch-03
b03_0027.png,contrib-A,batch-03
b03_0028.png,contrib-A,batch-03
b03_0029.png,contrib-A,batch-03
b03_0030.png,contrib-A,batch-03
b03_0031.png,contrib-A,batch-03
b03_0032.png,contrib-A,batch-03
b03_0033.png,contrib-A,batch-03
b03_0034.png,contrib-A,batch-03
b03_0035.png,contrib-A,batch-03
b03_0036.png,contrib-A,batch-03
b03_0037.png,contrib-A,batch-03
b03_0038.png,contrib-A,batch-03
b03_0039.png,contrib-A,batch-03
b03_0040.png,contrib-A,batch-03
b03_0041.png,contrib-A,batch-03
b03_0042.png,contrib-A,batch-03
b03_0043.png,contrib-A,batch-03
b03_0044.png,contrib-A,batch-03
b03_0045.png,contrib-A,batch-03
b03_0046.png,contrib-A,batch-03
b03_0047.png,contrib-A,batch-03
b03_0048.png,contrib-A,batch-03
b03_0049.png,contrib-A,batch-03
b04_0000.png,contrib-A,batch-04
b04_0001.png,contrib-A,batch-04
b04_0002.png,contrib-A,batch-04
b04_0003.png,contrib-A,batch-04
b04_0004.png,contrib-A,batch-04
b04_0005.png,contrib-A,batch-04
b04_0006.png,contrib-A,batch-04
b04_0007.png,contrib-A,batch-04
b04_0008.png,contrib-A,batch-04
b04_0009.png,contrib-A,batch-04
b04_0010.png,contrib-A,batch-04
b04_0011.png,contrib-A,batch-04
b04_0012.png,contrib-A,batch-04
b04_0013.png,contrib-A,batch-04
b04_0014.png,contrib-A,batch-04
b04_0015.png,contrib-A,batch-04
b04_0016.png,contrib-A,batch-04
b04_0017.png,contrib-A,batch-04
b04_0018.png,contrib-A,batch-04
b04_0019.png,contrib-A,batch-04
b04_0020.png,contrib-A,batch-04
b04_0021.png,contrib-A,batch-04
b04_0022.png,contrib-A,batch-04
b04_0023.png,contrib-A,batch-04
b04_0024.png,contrib-A,batch-04
b04_0025.png,contrib-A,batch-04
b04_0026.png,contrib-A,batch-04
b04_0027.png,contrib-A,batch-04
b04_0028.png,contrib-A,batch-04
b04_0029.png,contrib-A,batch-04
b04_0030.png,contrib-A,batch-04
b04_0031.png,contrib-A,batch-04
b04_0032.png,contrib-A,batch-04
b04_0033.png,contrib-A,batch-04
b04_0034.png,contrib-A,batch-04
b04_0035.png,contrib-A,batch-04
b04_0036.png,contrib-A,batch-04
b04_0037.png,contrib-A,batch-04
b04_0038.png,contrib-A,batch-04
b04_0039.png,contrib-A,batch-04
b04_0040.png,contrib-A,batch-04
b04_0041.png,contrib-A,batch-04
b04_0042.png,contrib-A,batch-04
b04_0043.png,contrib-A,batch-04
b04_0044.png,contrib-A,batch-04
b04_0045.png,contrib-A,batch-04
b04_0046.png,contrib-A,batch-04
b04_0047.png,contrib-A,batch-04
b04_0048.png,contrib-A,batch-04
b04_0049.png,contrib-A,batch-04
b05_0000.png,contrib-A,batch-05
b05_0001.png,contrib-A,batch-05
b05_0002.png,contrib-A,batch-05
b05_0003.png,contrib-A,batch-05
b05_0004.png,contrib-A,batch-05
b05_0005.png,contrib-A,batch-05
b05_0006.png,contrib-A,batch-05
b05_0007.png,contrib-A,batch-05
b05_0008.png,contrib-A,batch-05
b05_0009.png,contrib-A,batch-05
b05_0010.png,contrib-A,batch-05
b05_0011.png,contrib-A,batch-05
b05_0012.png,contrib-A,batch-05
b05_0013.png,contrib-A,batch-05
b05_0014.png,contrib-A,batch-05
b05_0015.png,contrib-A,batch-05
b05_0016.png,contrib-A,batch-05
b05_0017.png,contrib-A,batch-05
b05_0018.png,contrib-A,batch-05
b05_0019.png,contrib-A,batch-05
b05_0020.png,contrib-A,batch-05
b05_0021.png,contrib-A,batch-05
b05_0022.png,contrib-A,batch-05
b05_0023.png,contrib-A,batch-05
b05_0024.png,contrib-A,batch-05
b05_0025.png,contrib-A,batch-05
b05_0026.png,contrib-A,batch-05
b05_0027.png,contrib-A,batch-05
b05_0028.png,contrib-A,batch-05
b05_0029.png,contrib-A,batch-05
b05_0030.png,contrib-A,batch-05
b05_0031.png,contrib-A,batch-05
b05_0032.png,contrib-A,batch-05
b05_0033.png,contrib-A,batch-05
b05_0034.png,contrib-A,batch-05
b05_0035.png,contrib-A,batch-05
b05_0036.png,contrib-A,batch-05
b05_0037.png,contrib-A,batch-05
b05_0038.png,contrib-A,batch-05
b05_0039.png,contrib-A,batch-05
b05_0040.png,contrib-A,batch-05
b05_0041.png,contrib-A,batch-05
b05_0042.png,contrib-A,batch-05
b05_0043.png,contrib-A,batch-05
b05_0044.png,contrib-A,batch-05
b05_0045.png,contrib-A,batch-05
b05_0046.png,contrib-A,batch-05
b05_0047.png,contrib-A,batch-05
b05_0048.png,contrib-A,batch-05
b05_0049.png,contrib-A,batch-05
b06_0000.png,contrib-B,batch-06
b06_0001.png,contrib-B,batch-06
b06_0002.png,contrib-B,batch-06
b06_0003.png,contrib-B,batch-06
b06_0004.png,contrib-B,batch-06
b06_0005.png,contrib-B,batch-06
b06_0006.png,contrib-B,batch-06
b06_0007.png,contrib-B,batch-06
b06_0008.png,contrib-B,batch-06
b06_0009.png,contrib-B,batch-06
b06_0010.png,contrib-B,batch-06
b06_0011.png,contrib-B,batch-06
b06_0012.png,contrib-B,batch-06
b06_0013.png,contrib-B,batch-06
b06_0014.png,contrib-B,batch-06
b06_0015.png,contrib-B,batch-06
b06_0016.png,contrib-B,batch-06
b06_0017.png,contrib-B,batch-06
b06_0018.png,contrib-B,batch-06
b06_0019.png,contrib-B,batch-06
b06_0020.png,contrib-B,batch-06
b06_0021.png,contrib-B,batch-06
b06_0022.png,contrib-B,batch-06
b06_0023.png,contrib-B,batch-06
b06_0024.png,contrib-B,batch-06
b06_0025.png,contrib-B,batch-06
b06_0026.png,contrib-B,batch-06
b06_0027.png,contrib-B,batch-06
b06_0028.png,contrib-B,batch-06
b06_0029.png,contrib-B,batch-06
b06_0030.png,contrib-B,batch-06
b06_0031.png,contrib-B,batch-06
b06_0032.png,contrib-B,batch-06
b06_0033.png,contrib-B,batch-06
b06_0034.png,contrib-B,batch-06
b06_0035.png,contrib-B,batch-06
b06_0036.png,contrib-B,batch-06
b06_0037.png,contrib-B,batch-06
b06_0038.png,contrib-B,batch-06
b06_0039.png,contrib-B,batch-06
b06_0040.png,contrib-B,batch-06
b06_0041.png,contrib-B,batch-06
b06_0042.png,contrib-B,batch-06
b06_0043.png,contrib-B,batch-06
b06_0044.png,contrib-B,batch-06
b06_0045.png,contrib-B,batch-06
b06_0046.png,contrib-B,batch-06
b06_0047.png,contrib-B,batch-06
b06_0048.png,contrib-B,batch-06
b06_0049.png,contrib-B,batch-06
b07_0000.png,contrib-B,batch-07
b07_0001.png,contrib-B,batch-07
b07_0002.png,contrib-B,batch-07
b07_0003.png,contrib-B,batch-07
b07_0004.png,contrib-B,batch-07
b07_0005.png,contrib-B,batch-07
b07_0006.png,contrib-B,batch-07
b07_0007.png,contrib-B,batch-07
b07_0008.png,contrib-B,batch-07
b07_0009.png,contrib-B,batch-07
b07_0010.png,contrib-B,batch-07
b07_0011.png,contrib-B,batch-07
b07_0012.png,contrib-B,batch-07
b07_0013.png,contrib-B,batch-07
b07_0014.png,contrib-B,batch-07
b07_0015.png,contrib-B,batch-07
b07_0016.png,contrib-B,batch-07
b07_0017.png,contrib-B,batch-07
b07_0018.png,contrib-B,batch-07
b07_0019.png,contrib-B,batch-07
b07_0020.png,contrib-B,batch-07
b07_0021.png,contrib-B,batch-07
b07_0022.png,contrib-B,batch-07
b07_0023.png,contrib-B,batch-07
b07_0024.png,contrib-B,batch-07
b07_0025.png,contrib-B,batch-07
b07_0026.png,contrib-B,batch-07
b07_0027.png,contrib-B,batch-07
b07_0028.png,contrib-B,batch-07
b07_0029.png,contrib-B,batch-07
b07_0030.png,contrib-B,batch-07
b07_0031.png,contrib-B,batch-07
b07_0032.png,contrib-B,batch-07
b07_0033.png,contrib-B,batch-07
b07_0034.png,contrib-B,batch-07
b07_0035.png,contrib-B,batch-07
b07_0036.png,contrib-B,batch-07
b07_0037.png,contrib-B,batch-07
b07_0038.png,contrib-B,batch-07
b07_0039.png,contrib-B,batch-07
b07_0040.png,contrib-B,batch-07
b07_0041.png,contrib-B,batch-07
b07_0042.png,contrib-B,batch-07
b07_0043.png,contrib-B,batch-07
b07_0044.png,contrib-B,batch-07
b07_0045.png,contrib-B,batch-07
b07_0046.png,contrib-B,batch-07
b07_0047.png,contrib-B,batch-07
b07_0048.png,contrib-B,batch-07
b07_0049.png,contrib-B,batch-07
b08_0000.png,contrib-B,batch-08
b08_0001.png,contrib-B,batch-08
b08_0002.png,contrib-B,batch-08
b08_0003.png,contrib-B,batch-08
b08_0004.png,contrib-B,batch-08
b08_0005.png,contrib-B,batch-08
b08_0006.png,contrib-B,batch-08
b08_0007.png,contrib-B,batch-08
b08_0008.png,contrib-B,batch-08
b08_0009.png,contrib-B,batch-08
b08_0010.png,contrib-B,batch-08
b08_0011.png,contrib-B,batch-08
b08_0012.png,contrib-B,batch-08
b08_0013.png,contrib-B,batch-08
b08_0014.png,contrib-B,batch-08
b08_0015.png,contrib-B,batch-08
b08_0016.png,contrib-B,batch-08
b08_0017.png,contrib-B,batch-08
b08_0018.png,contrib-B,batch-08
b08_0019.png,contrib-B,batch-08
b08_0020.png,contrib-B,batch-08
b08_0021.png,contrib-B,batch-08
b08_0022.png,contrib-B,batch-08
b08_0023.png,contrib-B,batch-08
b08_0024.png,contrib-B,batch-08
b08_0025.png,contrib-B,batch-08
b08_0026.png,contrib-B,batch-08
b08_0027.png,contrib-B,batch-08
b08_0028.png,contrib-B,batch-08
b08_0029.png,contrib-B,batch-08
b08_0030.png,contrib-B,batch-08
b08_0031.png,contrib-B,batch-08
b08_0032.png,contrib-B,batch-08
b08_0033.png,contrib-B,batch-08
b08_0034.png,contrib-B,batch-08
b08_0035.png,contrib-B,batch-08
b08_0036.png,contrib-B,batch-08
b08_0037.png,contrib-B,batch-08
b08_0038.png,contrib-B,batch-08
b08_0039.png,contrib-B,batch-08
b08_0040.png,contrib-B,batch-08
b08_0041.png,contrib-B,batch-08
b08_0042.png,contrib-B,batch-08
b08_0043.png,contrib-B,batch-08
b08_0044.png,contrib-B,batch-08
b08_0045.png,contrib-B,batch-08
b08_0046.png,contrib-B,batch-08
b08_0047.png,contrib-B,batch-08
b08_0048.png,contrib-B,batch-08
b08_0049.png,contrib-B,batch-08
b09_0000.png,contrib-B,batch-09
b09_0001.png,contrib-B,batch-09
b09_0002.png,contrib-B,batch-09
b09_0003.png,contrib-B,batch-09
b09_0004.png,contrib-B,batch-09
b09_0005.png,contrib-B,batch-09
b09_0006.png,contrib-B,batch-09
b09_0007.png,contrib-B,batch-09
b09_0008.png,contrib-B,batch-09
b09_0009.png,contrib-B,batch-09
b09_0010.png,contrib-B,batch-09
b09_0011.png,contrib-B,batch-09
b09_0012.png,contrib-B,batch-09
b09_0013.png,contrib-B,batch-09
b09_0014.png,contrib-B,batch-09
b09_0015.png,contrib-B,batch-09
b09_0016.png,contrib-B,batch-09
b09_0017.png,contrib-B,batch-09
b09_0018.png,contrib-B,batch-09
b09_0019.png,contrib-B,batch-09
b09_0020.png,contrib-B,batch-09
b09_0021.png,contrib-B,batch-09
b09_0022.png,contrib-B,batch-09
b09_0023.png,contrib-B,batch-09
b09_0024.png,contrib-B,batch-09
b09_0025.png,contrib-B,batch-09
b09_0026.png,contrib-B,batch-09
b09_0027.png,contrib-B,batch-09
b09_0028.png,contrib-B,batch-09
b09_0029.png,contrib-B,batch-09
b09_0030.png,contrib-B,batch-09
b09_0031.png,contrib-B,batch-09
b09_0032.png,contrib-B,batch-09
b09_0033.png,contrib-B,batch-09
b09_0034.png,contrib-B,batch-09
b09_0035.png,contrib-B,batch-09
b09_0036.png,contrib-B,batch-09
b09_0037.png,contrib-B,batch-09
b09_0038.png,contrib-B,batch-09
b09_0039.png,contrib-B,batch-09
b09_0040.png,contrib-B,batch-09
b09_0041.png,contrib-B,batch-09
b09_0042.png,contrib-B,batch-09
b09_0043.png,contrib-B,batch-09
b09_0044.png,contrib-B,batch-09
b09_0045.png,contrib-B,batch-09
b09_0046.png,contrib-B,batch-09
b09_0047.png,contrib-B,batch-09
b09_0048.png,contrib-B,batch-09
b09_0049.png,contrib-B,batch-09
b10_0000.png,contrib-C,batch-10
b10_0001.png,contrib-C,batch-10
b10_0002.png,contrib-C,batch-10
b10_0003.png,contrib-C,batch-10
b10_0004.png,contrib-C,batch-10
b10_0005.png,contrib-C,batch-10
b10_0006.png,contrib-C,batch-10
b10_0007.png,contrib-C,batch-10
b10_0008.png,contrib-C,batch-10
b10_0009.png,contrib-C,batch-10
b10_0010.png,contrib-C,batch-10
b10_0011.png,contrib-C,batch-10
b10_0012.png,contrib-C,batch-10
b10_0013.png,contrib-C,batch-10
b10_0014.png,contrib-C,batch-10
b10_0015.png,contrib-C,batch-10
b10_0016.png,contrib-C,batch-10
b10_0017.png,contrib-C,batch-10
b10_0018.png,contrib-C,batch-10
b10_0019.png,contrib-C,batch-10
b10_0020.png,contrib-C,batch-10
b10_0021.png,contrib-C,batch-10
b10_0022.png,contrib-C,batch-10
b10_0023.png,contrib-C,batch-10
b10_0024.png,contrib-C,batch-10
b10_0025.png,contrib-C,batch-10
b10_0026.png,contrib-C,batch-10
b10_0027.png,contrib-C,batch-10
b10_0028.png,contrib-C,batch-10
b10_0029.png,contrib-C,batch-10
b10_0030.png,contrib-C,batch-10
b10_0031.png,contrib-C,batch-10
b10_0032.png,contrib-C,batch-10
b10_0033.png,contrib-C,batch-10
b10_0034.png,contrib-C,batch-10
b10_0035.png,contrib-C,batch-10
b10_0036.png,contrib-C,batch-10
b10_0037.png,contrib-C,batch-10
b10_0038.png,contrib-C,batch-10
b10_0039.png,contrib-C,batch-10
b10_0040.png,contrib-C,batch-10
b10_0041.png,contrib-C,batch-10
b10_0042.png,contrib-C,batch-10
b10_0043.png,contrib-C,batch-10
b10_0044.png,contrib-C,batch-10
b10_0045.png,contrib-C,batch-10
b10_0046.png,contrib-C,batch-10
b10_0047.png,contrib-C,batch-10
b10_0048.png,contrib-C,batch-10
b10_0049.png,contrib-C,batch-10
b11_0000.png,contrib-C,batch-11
b11_0001.png,contrib-C,batch-11
b11_0002.png,contrib-C,batch-11
b11_0003.png,contrib-C,batch-11
b11_0004.png,contrib-C,batch-11
b11_0005.png,contrib-C,batch-11
b11_0006.png,contrib-C,batch-11
b11_0007.png,contrib-C,batch-11
b11_0008.png,contrib-C,batch-11
b11_0009.png,contrib-C,batch-11
b11_0010.png,contrib-C,batch-11
b11_0011.png,contrib-C,batch-11
b11_0012.png,contrib-C,batch-11
b11_0013.png,contrib-C,batch-11
b11_0014.png,contrib-C,batch-11
b11_0015.png,contrib-C,batch-11
b11_0016.png,contrib-C,batch-11
b11_0017.png,contrib-C,batch-11
b11_0018.png,contrib-C,batch-11
b11_0019.png,contrib-C,batch-11
b11_0020.png,contrib-C,batch-11
b11_0021.png,contrib-C,batch-11
b11_0022.png,contrib-C,batch-11
b11_0023.png,contrib-C,batch-11
b11_0024.png,contrib-C,batch-11
b11_0025.png,contrib-C,batch-11
b11_0026.png,contrib-C,batch-11
b11_0027.png,contrib-C,batch-11
b11_0028.png,contrib-C,batch-11
b11_0029.png,contrib-C,batch-11
b11_0030.png,contrib-C,batch-11
b11_0031.png,contrib-C,batch-11
b11_0032.png,contrib-C,batch-11
b11_0033.png,contrib-C,batch-11
b11_0034.png,contrib-C,batch-11
b11_0035.png,contrib-C,batch-11
b11_0036.png,contrib-C,batch-11
b11_0037.png,contrib-C,batch-11
b11_0038.png,contrib-C,batch-11
b11_0039.png,contrib-C,batch-11
b11_0040.png,contrib-C,batch-11
b11_0041.png,contrib-C,batch-11
b11_0042.png,contrib-C,batch-11
b11_0043.png,contrib-C,batch-11
b11_0044.png,contrib-C,batch-11
b11_0045.png,contrib-C,batch-11
b11_0046.png,contrib-C,batch-11
b11_0047.png,contrib-C,batch-11
b11_0048.png,contrib-C,batch-11
b11_0049.png,contrib-C,batch-11
b12_0000.png,contrib-C,batch-12
b12_0001.png,contrib-C,batch-12
b12_0002.png,contrib-C,batch-12
b12_0003.png,contrib-C,batch-12
b12_0004.png,contrib-C,batch-12
b12_0005.png,contrib-C,batch-12
b12_0006.png,contrib-C,batch-12
b12_0007.png,contrib-C,batch-12
b12_0008.png,contrib-C,batch-12
b12_0009.png,contrib-C,batch-12
b12_0010.png,contrib-C,batch-12
b12_0011.png,contrib-C,batch-12
b12_0012.png,contrib-C,batch-12
b12_0013.png,contrib-C,batch-12
b12_0014.png,contrib-C,batch-12
b12_0015.png,contrib-C,batch-12
b12_0016.png,contrib-C,batch-12
b12_0017.png,contrib-C,batch-12
b12_0018.png,contrib-C,batch-12
b12_0019.png,contrib-C,batch-12
b12_0020.png,contrib-C,batch-12
b12_0021.png,contrib-C,batch-12
b12_0022.png,contrib-C,batch-12
b12_0023.png,contrib-C,batch-12
b12_0024.png,contrib-C,batch-12
b12_0025.png,contrib-C,batch-12
b12_0026.png,contrib-C,batch-12
b12_0027.png,contrib-C,batch-12
b12_0028.png,contrib-C,batch-12
b12_0029.png,contrib-C,batch-12
b12_0030.png,contrib-C,batch-12
b12_0031.png,contrib-C,batch-12
b12_0032.png,contrib-C,batch-12
b12_0033.png,contrib-C,batch-12
b12_0034.png,contrib-C,batch-12
b12_0035.png,contrib-C,batch-12
b12_0036.png,contrib-C,batch-12
b12_0037.png,contrib-C,batch-12
b12_0038.png,contrib-C,batch-12
b12_0039.png,contrib-C,batch-12
b12_0040.png,contrib-C,batch-12
b12_0041.png,contrib-C,batch-12
b12_0042.png,contrib-C,batch-12
b12_0043.png,contrib-C,batch-12
b12_0044.png,contrib-C,batch-12
b12_0045.png,contrib-C,batch-12
b12_0046.png,contrib-C,batch-12
b12_0047.png,contrib-C,batch-12
b12_0048.png,contrib-C,batch-12
b12_0049.png,contrib-C,batch-12
